Model,Accuracy,Response_Time,Perplexity,F1_Score,Memory_Usage
bert-base-uncased,0.5488135039273248,0.6458941130666561,0.7917250380826646,0.08712929970154071,0.978618342232764
gpt2,0.7151893663724195,0.4375872112626925,0.5288949197529045,0.02021839744032572,0.7991585642167236
distilbert-base-uncased,0.6027633760716439,0.8917730007820798,0.5680445610939323,0.832619845547938,0.46147936225293185
facebook/bart-large,0.5448831829968969,0.9636627605010293,0.925596638292661,0.7781567509498505,0.7805291762864555
microsoft/DialoGPT-medium,0.4236547993389047,0.3834415188257777,0.07103605819788694,0.8700121482468192,0.11827442586893322
