Model,Accuracy,Response_Time,Perplexity,F1_Score,Memory_Usage,TOPSIS_Score,Rank
bert-base-uncased,0.5488135039273248,0.6458941130666561,0.7917250380826646,0.0871292997015407,0.978618342232764,0.2518116680674432,5.0
gpt2,0.7151893663724195,0.4375872112626925,0.5288949197529045,0.0202183974403257,0.7991585642167236,0.44694455887955664,3.0
distilbert-base-uncased,0.6027633760716439,0.8917730007820798,0.5680445610939323,0.832619845547938,0.4614793622529318,0.5789202924857361,2.0
facebook/bart-large,0.5448831829968969,0.9636627605010292,0.925596638292661,0.7781567509498505,0.7805291762864555,0.42975476211663927,4.0
microsoft/DialoGPT-medium,0.4236547993389047,0.3834415188257777,0.0710360581978869,0.8700121482468192,0.1182744258689332,0.715392762486922,1.0
